{
  "IcoMoonType": "selection",
  "icons": [
    {
      "icon": {
        "paths": [
          "M928 128h-832c-52.928 0-96 43.072-96 96v576c0 52.928 43.072 96 96 96h832c52.928 0 96-43.072 96-96v-576c0-52.928-43.072-96-96-96zM928 192c4.352 0 8.512 0.896 12.288 2.496l-428.288 371.2-428.288-371.2c3.627-1.568 7.849-2.485 12.284-2.496l0.004-0h832zM928 832h-832c-17.673 0-32-14.327-32-32v0-537.92l427.008 370.112c5.586 4.875 12.942 7.848 20.992 7.848s15.406-2.973 21.030-7.88l-0.038 0.032 427.008-370.112v537.92c0 17.673-14.327 32-32 32v0z"
        ],
        "attrs": [
          {
            "fill": "rgb(117, 117, 117)"
          }
        ],
        "isMulticolor": false,
        "isMulticolor2": false,
        "grid": 0,
        "tags": [
          "letter"
        ],
        "colorPermutations": {
          "117117117117517718413315024313333331": [
            {
              "f": 1
            }
          ]
        }
      },
      "attrs": [
        {
          "fill": "rgb(117, 117, 117)"
        }
      ],
      "properties": {
        "order": 20,
        "id": 6,
        "name": "letter",
        "prevSize": 32
      },
      "setIdx": 0,
      "setId": 2,
      "iconIdx": 9
    },
    {
      "icon": {
        "paths": [
          "M736 0h-448c-52.928 0-96 43.072-96 96v832c0 52.928 43.072 96 96 96h448c52.928 0 96-43.072 96-96v-832c0-52.928-43.072-96-96-96zM288 64h448c17.673 0 32 14.327 32 32v0 672h-512v-672c0-17.673 14.327-32 32-32v0zM736 960h-448c-17.673 0-32-14.327-32-32v0-96h512v96c0 17.673-14.327 32-32 32v0z",
          "M342.656 879.296c5.767 5.232 9.374 12.755 9.374 21.12s-3.607 15.888-9.35 21.099l-0.024 0.021c-5.952 5.449-13.914 8.787-22.656 8.787s-16.704-3.339-22.681-8.81l0.025 0.023c-5.767-5.232-9.374-12.755-9.374-21.12s3.607-15.888 9.35-21.099l0.024-0.021c5.952-5.449 13.914-8.787 22.656-8.787s16.704 3.339 22.681 8.81l-0.025-0.023z"
        ],
        "attrs": [
          {
            "fill": "rgb(117, 117, 117)"
          },
          {
            "fill": "rgb(117, 117, 117)"
          }
        ],
        "isMulticolor": false,
        "isMulticolor2": false,
        "grid": 0,
        "tags": [
          "phone"
        ],
        "colorPermutations": {
          "117117117117517718413315024313333331": [
            {
              "f": 1
            },
            {
              "f": 1
            }
          ]
        }
      },
      "attrs": [
        {
          "fill": "rgb(117, 117, 117)"
        },
        {
          "fill": "rgb(117, 117, 117)"
        }
      ],
      "properties": {
        "order": 21,
        "id": 2,
        "name": "phone",
        "prevSize": 32
      },
      "setIdx": 0,
      "setId": 2,
      "iconIdx": 13
    }
  ],
  "height": 1024,
  "preferences": {
    "showGlyphs": true,
    "showQuickUse": true,
    "showQuickUse2": true,
    "showSVGs": true,
    "fontPref": {
      "prefix": "icon-",
      "metadata": {
        "fontFamily": "icomoon"
      },
      "metrics": {
        "emSize": 1024,
        "baseline": 6.25,
        "whitespace": 50
      },
      "embed": false
    },
    "imagePref": {
      "prefix": "icon-",
      "png": true,
      "useClassSelector": true,
      "color": 0,
      "bgColor": 16777215,
      "classSelector": ".icon",
      "name": "icomoon",
      "height": 32,
      "columns": 16,
      "margin": 16
    },
    "historySize": 50,
    "showCodes": true,
    "gridSize": 16
  }
}